ID_Alkalinity,ID_Coral,Chamber,Species,Date,Time,Metabolism,Temperature,At,delta_At,delta_T,delta_At_per_h,Vol_chamber,Vol_coral,Vol_water,delta_At_per_h_per_V,Final_delta_At_Std,Convert_Calcification,Surface_Area,Calcif_mol_cm2_h,Calcif_mmol_m2_day,Calcif_g_cm2_yr,Calcif_kg_m2_yr,Flow,Species_Flow
Metabo_coral_291,Coral_077,Medium_T1_01,Acropora_hyacinthus,2018-10-01,10:34:00,Day,27.3,2131.1217101412,-295.6494975755,3.0666666667,-96.4074448616,1.138,0.68,0.458,-45.2584749903,-45.312352218,22.656176109,108.5734421081,0.2086714363,50.0811447126,0.1829550281,1.8295502808,High,Acropora_hyacinthus_High
Metabo_coral_292,Coral_078,Medium_T1_02,Acropora_hyacinthus,2018-10-01,10:34:00,Day,27.3,2155.9355730922,-270.8356346245,3.0666666667,-88.3159678123,1.138,0.57,0.568,-51.4175564603,-51.471433688,25.735716844,131.6170242222,0.1955348633,46.9283672007,0.17143739,1.7143739002,High,Acropora_hyacinthus_High
Metabo_coral_293,Coral_079,Medium_T1_03,Acropora_hyacinthus,2018-10-01,10:35:00,Day,27.3,2033.3268852574,-393.4443224593,3.0833333333,-127.6035640408,1.138,0.83,0.308,-40.2844451677,-40.3383223954,20.1691611977,167.7021428395,0.1202677608,28.8642625878,0.1054461116,1.0544611156,High,Acropora_hyacinthus_High
Metabo_coral_294,Coral_080,Medium_T1_04,Acropora_hyacinthus,2018-10-01,10:36:00,Day,27.3,2135.6344485089,-291.1367592078,3.1,-93.9150836154,1.138,0.64,0.498,-47.9389544315,-47.9928316592,23.9964158296,160.5353845984,0.1494774245,35.8745818781,0.1310560126,1.3105601265,High,Acropora_hyacinthus_High
Metabo_coral_295,Coral_081,Big_T1_01,Acropora_hyacinthus,2018-10-01,10:36:00,Day,27.3,2266.3817577641,-164.5963302115,3.1,-53.0955903908,3.539,0.14,3.399,-184.9837095319,-185.0375867596,92.5187933798,366.3764622525,0.2525238461,60.6057230714,0.2214031215,2.2140312147,Low,Acropora_hyacinthus_Low
Metabo_coral_296,Coral_082,Big_T1_02,Acropora_hyacinthus,2018-10-01,10:37:00,Day,27.3,2202.7310647208,-228.2470232548,3.1166666667,-73.2343390122,3.539,0.19,3.349,-251.3933463858,-251.4472236135,125.7236118068,401.8725322472,0.312844501,75.0826802342,0.2742899339,2.7428993385,Low,Acropora_hyacinthus_Low
Metabo_coral_297,Coral_083,Big_T1_03,Acropora_hyacinthus,2018-10-01,10:37:00,Day,27.3,2292.3454343091,-138.6326536666,3.1166666667,-44.4810653476,3.539,0.22,3.319,-151.3234722858,-151.3773495135,75.6886747567,394.368052796,0.1919239508,46.0617481889,0.1682714818,1.6827148185,Low,Acropora_hyacinthus_Low
Metabo_coral_298,Coral_084,Big_T1_04,Acropora_hyacinthus,2018-10-01,10:38:00,Day,27.3,2157.5616967076,-273.416391268,3.1333333333,-87.2605504047,3.539,0.37,3.169,-283.4419013383,-283.495778566,141.747889283,355.679339267,0.3985271947,95.6465267227,0.349413199,3.4941319897,Low,Acropora_hyacinthus_Low
Metabo_coral_341,Coral_089,Medium_T1_01,Napopora_irregularis,2018-10-02,08:54:00,Day,25.4,2347.2503905306,-97.8396851385,2.15,-45.506830297,1.138,0.038,1.1,-51.3089511598,-44.2698445267,22.1349222633,72.9634893796,0.3033698423,72.8087621407,0.2659829203,2.6598292029,High,Napopora_irregularis_High
Metabo_coral_342,Coral_090,Medium_T1_02,Napopora_irregularis,2018-10-02,08:55:00,Day,25.4,2380.1490103621,-64.9410653069,2.1666666667,-29.9727993724,1.138,0.057,1.081,-33.2106110246,-26.1715043915,13.0857521957,158.3362697409,0.0826453233,19.8348775812,0.0724602164,0.7246021643,High,Napopora_irregularis_High
Metabo_coral_343,Coral_091,Medium_T1_03,Napopora_irregularis,2018-10-02,08:55:00,Day,25.4,2296.2905941928,-148.7994814763,2.1666666667,-68.6766837583,1.138,0.051,1.087,-76.5178441264,-69.4787374932,34.7393687466,132.3238825692,0.2625328707,63.0078889563,0.2301786463,2.3017864626,High,Napopora_irregularis_High
Metabo_coral_344,Coral_092,Medium_T1_04,Napopora_irregularis,2018-10-02,08:56:00,Day,25.4,2364.9440135766,-80.1460620925,2.1833333333,-36.7081200424,1.138,0.046,1.092,-41.0873987634,-34.0482921302,17.0241460651,99.3371597065,0.1713774192,41.1305806176,0.1502570793,1.5025707929,High,Napopora_irregularis_High
Metabo_coral_345,Coral_093,Big_T1_01,Napopora_irregularis,2018-10-02,08:57:00,Day,25.4,2343.7335627676,-101.1521653999,2.2,-45.978257,3.539,0.18,3.359,-158.3019893945,-151.2628827613,75.6314413806,470.0051,0.1609162143,38.6198914253,0.1410851002,1.4108510021,Low,Napopora_irregularis_Low
Metabo_coral_346,Coral_094,Big_T1_02,Napopora_irregularis,2018-10-02,08:58:00,Day,25.4,2375.5192974994,-69.3664306681,2.2166666667,-31.2931266172,3.539,0.25,3.289,-105.4961707801,-98.4570641469,49.2285320734,390.2311,0.126152252,30.2765404849,0.1106054054,1.1060540541,Low,Napopora_irregularis_Low
Metabo_coral_347,Coral_095,Big_T1_03,Napopora_irregularis,2018-10-02,08:58:00,Day,25.4,2379.6409942514,-65.2447339161,2.2166666667,-29.4337145486,3.539,0.15,3.389,-102.2446300704,-95.2055234372,47.6027617186,204.0941,0.2332392838,55.97742812,0.2044951646,2.0449516464,Low,Napopora_irregularis_Low
Metabo_coral_348,Coral_096,Big_T1_04,Napopora_irregularis,2018-10-02,08:59:00,Day,25.4,2291.5314346325,-153.3542935351,2.2333333333,-68.6661015829,3.539,0.08,3.459,-243.4539465095,-236.4148398763,118.2074199382,193.5221074611,0.6108212725,146.5971054023,0.5355444187,5.3554441875,Low,Napopora_irregularis_Low
Metabo_coral_391,Coral_101,Medium_T1_01,Napopora_irregularis,2018-10-02,15:10:00,Day,26.7,2251.0591106544,-194.8854488349,2.2833333333,-85.3512914606,1.138,0.053,1.085,-94.9213050156,-95.5643623193,47.7821811596,132.2984,0.3611697584,86.6807420068,0.3166596466,3.1665964664,High,Napopora_irregularis_High
Metabo_coral_392,Coral_102,Medium_T1_02,Napopora_irregularis,2018-10-02,15:11:00,Day,26.7,2325.1324593278,-120.8121001616,2.3,-52.5270000702,1.138,0.027,1.111,-59.816434505,-60.4594918087,30.2297459044,63.1618,0.4786080496,114.8659318931,0.4196249889,4.1962498892,High,Napopora_irregularis_High
Metabo_coral_393,Coral_103,Medium_T1_03,Napopora_irregularis,2018-10-02,15:12:00,Day,26.7,2265.2967650012,-180.6477944881,2.3166666667,-77.9774652467,1.138,0.045,1.093,-87.3601037525,-88.0031610562,44.0015805281,80.6760993442,0.5454103618,130.8984868206,0.4781946673,4.7819466726,High,Napopora_irregularis_High
Metabo_coral_394,Coral_104,Medium_T1_04,Napopora_irregularis,2018-10-02,15:12:00,Day,26.7,2297.3033732991,-148.6411861903,2.3166666667,-64.1616631037,1.138,0.031,1.107,-72.8026350822,-73.4456923859,36.722846193,73.7982,0.4976116788,119.4268029073,0.4362866345,4.3628663452,High,Napopora_irregularis_High
Metabo_coral_395,Coral_105,Big_T1_01,Napopora_irregularis,2018-10-02,15:13:00,Day,26.7,2377.7514730613,-64.6959433802,2.3333333333,-27.7268328772,3.539,0.1,3.439,-97.7363927214,-98.3794500251,49.1897250126,257.2761,0.1911943045,45.886633088,0.1676317563,1.6763175629,Low,Napopora_irregularis_Low
Metabo_coral_396,Coral_106,Big_T1_02,Napopora_irregularis,2018-10-02,15:13:00,Day,26.7,2344.5483380694,-97.8990783721,2.3333333333,-41.9567478738,3.539,0.12,3.419,-147.0363740049,-147.6794313086,73.8397156543,310.4581,0.2378411633,57.0818791877,0.2085299142,2.0852991419,Low,Napopora_irregularis_Low
Metabo_coral_397,Coral_107,Big_T1_03,Napopora_irregularis,2018-10-02,15:14:00,Day,26.7,2393.9853999401,-48.4620165015,2.35,-20.6221346815,3.539,0.06,3.479,-73.5380167208,-74.1810740245,37.0905370123,175.929188601,0.210826511,50.5983626351,0.184844514,1.8484451403,Low,Napopora_irregularis_Low
Metabo_coral_441,Coral_113,Medium_T1_01,Phymmastrea_curta,2018-10-03,09:31:00,Day,26.7,2314.0134219855,-140.1238053799,2.0166666667,-69.4828787008,1.138,0.076,1.062,-75.6355876097,-68.2145298051,34.1072649026,64.5632196898,0.5282770139,126.7864833251,0.4631728118,4.6317281184,High,Phymmastrea_curta_High
Metabo_coral_442,Coral_114,Medium_T1_02,Phymmastrea_curta,2018-10-03,09:32:00,Day,26.7,2326.8545600919,-127.2826672735,2.0333333333,-62.5980330853,1.138,0.045,1.093,-70.1301414163,-62.7090836117,31.3545418059,55.4176944093,0.5657857502,135.7885800485,0.4960590182,4.9605901818,High,Phymmastrea_curta_High
Metabo_coral_443,Coral_115,Medium_T1_03,Phymmastrea_curta,2018-10-03,09:33:00,Day,26.7,2265.798496289,-188.3387310763,2.05,-91.8725517446,1.138,0.125,1.013,-95.3935672902,-87.9725094856,43.9862547428,49.0873852123,0.8960806234,215.0593496191,0.7856487621,7.8564876211,High,Phymmastrea_curta_High
Metabo_coral_444,Coral_116,Medium_T1_04,Phymmastrea_curta,2018-10-03,09:33:00,Day,26.7,2334.3084831476,-119.8287442177,2.05,-58.4530459598,1.138,0.043,1.095,-65.6062374592,-58.1851796546,29.0925898273,44.5042,0.6537043656,156.8890477427,0.5731426528,5.7314265279,High,Phymmastrea_curta_High
Metabo_coral_445,Coral_117,Big_T1_01,Phymmastrea_curta,2018-10-03,09:34:00,Day,26.7,2354.0731875931,-128.9866546164,2.0666666667,-62.412897395,3.539,0.42,3.119,-199.5324726495,-192.1114148449,96.0557074225,258.2528787591,0.3719443821,89.2666517104,0.3261064192,3.2610641917,Low,Phymmastrea_curta_Low
Metabo_coral_446,Coral_118,Big_T1_02,Phymmastrea_curta,2018-10-03,09:34:00,Day,26.7,2409.2825580146,-73.777284195,2.0666666667,-35.6986859008,3.539,0.22,3.319,-121.4460369674,-114.0249791628,57.0124895814,170.4872519933,0.3344091063,80.2581855215,0.2931969441,2.9319694408,Low,Phymmastrea_curta_Low
Metabo_coral_447,Coral_119,Big_T1_03,Phymmastrea_curta,2018-10-03,09:35:00,Day,26.7,2396.9134713198,-86.1463708897,2.0833333333,-41.3502580271,3.539,0.21,3.329,-141.0963841964,-133.6753263918,66.8376631959,243.284935094,0.2747299711,65.9351930723,0.2408725913,2.4087259126,Low,Phymmastrea_curta_Low
Metabo_coral_448,Coral_120,Big_T1_04,Phymmastrea_curta,2018-10-03,09:35:00,Day,26.7,2219.3208573482,-263.7389848614,2.0833333333,-126.5947127335,3.539,0.41,3.129,-406.0177275466,-398.596669742,199.298334871,273.6676267127,0.7282495824,174.7798997769,0.6385010098,6.3850100981,Low,Phymmastrea_curta_Low
Metabo_coral_491,Coral_125,Medium_T1_01,Phymmastrea_curta,2018-10-03,14:47:00,Day,27.7,2364.9390256972,-87.3089218875,2.3833333333,-36.6331140787,1.138,0.023,1.115,-41.8670702527,-38.6774503569,19.3387251785,31.5031929985,0.6138655589,147.327734146,0.5382135311,5.3821353111,High,Phymmastrea_curta_High
Metabo_coral_492,Coral_126,Medium_T1_02,Phymmastrea_curta,2018-10-03,14:48:00,Day,27.7,2351.0222101778,-101.2257374069,2.4,-42.1773905862,1.138,0.022,1.116,-48.2467170916,-45.0570971959,22.5285485979,34.9065850399,0.6453953766,154.894890386,0.5658576533,5.6585765327,High,Phymmastrea_curta_High
Metabo_coral_493,Coral_127,Medium_T1_03,Phymmastrea_curta,2018-10-03,14:49:00,Day,27.7,2336.4179045336,-115.8300430511,2.4166666667,-47.9296729866,1.138,0.028,1.11,-54.5319854406,-51.3423655448,25.6711827724,27.0316594549,0.9496709891,227.9210373918,0.8326347178,8.3263471782,High,Phymmastrea_curta_High
Metabo_coral_494,Coral_128,Medium_T1_04,Phymmastrea_curta,2018-10-03,14:50:00,Day,27.9,2314.532008225,-137.7159393596,2.4333333333,-56.5955915177,1.138,0.024,1.114,-64.6236761744,-61.4340562787,30.7170281394,35.6082073992,0.862638992,207.0333580908,0.7563284358,7.5632843579,High,Phymmastrea_curta_High
Metabo_coral_495,Coral_129,Big_T1_01,Phymmastrea_curta,2018-10-03,14:50:00,Day,27.9,2346.7374780554,-104.3778455127,2.4333333333,-42.8950050052,3.539,0.11,3.429,-150.764146467,-147.5745265713,73.7872632856,128.679635091,0.5734183442,137.620402607,0.5027509808,5.0275098079,Low,Phymmastrea_curta_Low
Metabo_coral_496,Coral_130,Big_T1_02,Phymmastrea_curta,2018-10-03,14:51:00,Day,27.9,2348.4411320773,-102.6741914909,2.45,-41.9078332616,3.539,0.8,2.739,-117.655194186,-114.4655742903,57.2327871452,96.1885857359,0.5950060156,142.8014437446,0.5216782144,5.2167821443,Low,Phymmastrea_curta_Low
Metabo_coral_497,Coral_131,Big_T1_03,Phymmastrea_curta,2018-10-03,14:52:00,Day,27.9,2420.6708098713,-30.4445136968,2.4666666667,-12.3423704176,3.539,0.085,3.454,-43.696311108,-40.5066912123,20.2533456061,83.8630705583,0.2415049374,57.9611849783,0.2117421694,2.1174216936,Low,Phymmastrea_curta_Low
Metabo_coral_498,Coral_132,Big_T1_04,Phymmastrea_curta,2018-10-03,14:53:00,Day,27.9,2257.5589605708,-193.5563629973,2.4833333333,-77.9421595962,3.539,0.37,3.169,-253.1736713545,-249.9840514588,124.9920257294,214.6894606293,0.5821991697,139.7278007365,0.5104496683,5.1044966831,Low,Phymmastrea_curta_Low
Metabo_coral_541,Coral_137,Medium_T1_01,Pocillopora_verrucosa,2018-10-09,09:30:00,Day,27.9,2459.01,-10.5485200325,2.1333333333,-4.9446187652,1.138,0.039,1.099,-5.5699894236,-3.7388962239,1.8694481119,43.1568,0.0433175794,10.3962190631,0.0379791748,0.3797917483,High,Pocillopora_verrucosa_High
Metabo_coral_542,Coral_138,Medium_T1_02,Pocillopora_verrucosa,2018-10-09,09:30:00,Day,27.9,2398.82,-70.7385200325,2.1333333333,-33.1586812652,1.138,0.049,1.089,-37.0125489953,-35.1814557956,17.5907278978,47.4688,0.3705745226,88.9378854209,0.3249053794,3.2490537942,High,Pocillopora_verrucosa_High
Metabo_coral_543,Coral_139,Medium_T1_03,Pocillopora_verrucosa,2018-10-09,09:31:00,Day,27.9,2394.58,-74.9785200325,2.15,-34.8737302477,1.138,0.022,1.116,-39.8920600303,-38.0609668306,19.0304834153,35.8264,0.5311860364,127.4846487415,0.4657233301,4.6572333009,High,Pocillopora_verrucosa_High
Metabo_coral_544,Coral_140,Medium_T1_04,Pocillopora_verrucosa,2018-10-09,09:31:00,Day,27.9,2350.5,-119.0585200325,2.15,-55.3760558291,1.138,0.048,1.09,-61.868898375,-60.0378051753,30.0189025877,47.0376,0.6381895035,153.1654808289,0.559539823,5.5953982296,High,Pocillopora_verrucosa_High
Metabo_coral_545,Coral_141,Big_T1_01,Pocillopora_verrucosa,2018-10-09,09:32:00,Day,27.9,2364.06,-113.8762918164,2.1666666667,-52.5582885306,3.539,0.12,3.419,-184.1892081984,-182.3581149987,91.1790574994,78.084,1.1677047474,280.2491393864,1.023798267,10.2379826699,Low,Pocillopora_verrucosa_Low
Metabo_coral_546,Coral_142,Big_T1_02,Pocillopora_verrucosa,2018-10-09,09:33:00,Day,27.9,2366.42,-111.5162918164,2.1833333333,-51.0761641907,3.539,0.1,3.439,-180.0422018681,-178.2111086684,89.1055543342,69.46,1.2828326279,307.879830697,1.1247379307,11.2473793069,Low,Pocillopora_verrucosa_Low
Metabo_coral_547,Coral_143,Big_T1_03,Pocillopora_verrucosa,2018-10-09,09:34:00,Day,27.9,2405.81,-72.1262918164,2.2,-32.7846780984,3.539,0.65,2.889,-97.0828084018,-95.2517152021,47.6258576011,306.62,0.155325346,37.2780830482,0.1361832436,1.3618324361,Low,Pocillopora_verrucosa_Low
Metabo_coral_548,Coral_144,Big_T1_04,Pocillopora_verrucosa,2018-10-09,09:35:00,Day,27.9,2344.87,-133.0662918164,2.2166666667,-60.0299060826,3.539,0.19,3.349,-206.0661593573,-204.2350661576,102.1175330788,108.268,0.9431921997,226.3661279317,0.8269543664,8.2695436635,Low,Pocillopora_verrucosa_Low
Metabo_coral_591,Coral_149,Medium_T1_01,Pocillopora_verrucosa,2018-10-09,14:43:00,Day,29.6,2411.6228010487,-64.293865618,1.6166666667,-39.7694014132,1.138,0.01,1.128,-45.9813819139,-37.981337037,18.9906685185,30.652,0.6195572399,148.6937375846,0.5432037764,5.4320377642,High,Pocillopora_verrucosa_High
Metabo_coral_592,Coral_150,Medium_T1_02,Pocillopora_verrucosa,2018-10-09,14:43:00,Day,29.6,2396.4013809574,-79.5152857093,1.6166666667,-49.1847128099,1.138,0.03,1.108,-55.8590783382,-47.8590334612,23.9295167306,39.276,0.6092656261,146.2237502635,0.5341804883,5.3418048826,High,Pocillopora_verrucosa_High
Metabo_coral_593,Coral_151,Medium_T1_03,Pocillopora_verrucosa,2018-10-09,14:44:00,Day,29.6,2344.5009767442,-131.4156899225,1.6333333333,-80.4585856668,1.138,0.041,1.097,-90.4696451884,-82.4696003115,41.2348001557,44.0192,0.9367457872,224.8189889271,0.8213024017,8.2130240169,High,Pocillopora_verrucosa_High
Metabo_coral_594,Coral_152,Medium_T1_04,Pocillopora_verrucosa,2018-10-09,14:45:00,Day,29.6,2406.4977094588,-69.4189572079,1.65,-42.0720952775,1.138,0.18,0.958,-41.3126939577,-33.3126490808,16.6563245404,103.956,0.1602247541,38.4539409914,0.1404788548,1.4047885475,High,Pocillopora_verrucosa_High
Metabo_coral_595,Coral_153,Big_T1_01,Pocillopora_verrucosa,2018-10-09,14:46:00,Day,29.6,2373.8169314802,-69.1164018531,1.6666666667,-41.4698411119,3.539,0.07,3.469,-147.4553507875,-139.4553059106,69.7276529553,56.524,1.233593747,296.0624992795,1.0815671882,10.8156718821,Low,Pocillopora_verrucosa_Low
Metabo_coral_596,Coral_154,Big_T1_02,Pocillopora_verrucosa,2018-10-09,14:47:00,Day,29.6,2378.0286641165,-64.9046692168,1.6833333333,-38.5572292377,3.539,0.06,3.479,-137.4941155309,-129.494070654,64.747035327,52.212,1.2400795857,297.6191005609,1.0872537202,10.8725372019,Low,Pocillopora_verrucosa_Low
Metabo_coral_597,Coral_155,Big_T1_03,Pocillopora_verrucosa,2018-10-09,14:49:00,Day,29.6,2403.8008100624,-39.1325232709,1.7166666667,-22.7956446238,3.539,0.095,3.444,-80.4709050866,-72.4708602097,36.2354301048,67.304,0.5383844958,129.2122789902,0.4720346603,4.7203466028,Low,Pocillopora_verrucosa_Low
Metabo_coral_598,Coral_156,Big_T1_04,Pocillopora_verrucosa,2018-10-09,14:50:00,Day,29.7,2377.9745285043,-64.958804829,1.7333333333,-37.4762335552,3.539,0.065,3.474,-133.4472462551,-125.4472013781,62.7236006891,54.368,1.1536860044,276.8846410642,1.0115071764,10.1150717643,Low,Pocillopora_verrucosa_Low
Metabo_coral_641,Coral_161,Medium_T1_01,Montipora_verilli,2018-10-10,10:07:00,Day,28.2,2428.2603708491,-19.0358769313,3.0833333333,-6.1737979237,1.138,0.051,1.087,-6.8786913016,-8.1210766613,4.0605383307,33.16625,0.1224298294,29.3831590656,0.1073417296,1.0734172956,High,Montipora_verilli_High
Metabo_coral_642,Coral_162,Medium_T1_02,Montipora_verilli,2018-10-10,10:08:00,Day,28.2,2434.5608246697,-12.7354231108,3.1,-4.1082010035,1.138,0.053,1.085,-4.568833041,-5.8112184007,2.9056092003,28.26,0.1028170276,24.6760866272,0.090145985,0.9014598503,High,Montipora_verilli_High
Metabo_coral_643,Coral_163,Medium_T1_03,Montipora_verilli,2018-10-10,10:08:00,Day,28.2,2411.6228010487,-35.6734467318,3.1,-11.5075634619,1.138,0.065,1.073,-12.6563059845,-13.8986913442,6.9493456721,52.08,0.1334359768,32.0246344336,0.116991493,1.1699149302,High,Montipora_verilli_High
Metabo_coral_644,Coral_164,Medium_T1_04,Montipora_verilli,2018-10-10,10:09:00,Day,28.2,2396.4013809574,-50.8948668231,3.1166666667,-16.3299037935,1.138,0.041,1.097,-18.361752073,-19.6041374327,9.8020687164,26.41,0.3711498946,89.0759747038,0.3254098433,3.254098433,High,Montipora_verilli_High
Metabo_coral_645,Coral_165,Big_T1_01,Montipora_verilli,2018-10-10,10:10:00,Day,28.2,2344.5009767442,-96.451710485,3.1333333333,-30.7824607931,3.539,0.66,2.879,-90.8382722389,-92.0806575986,46.0403287993,463.94,0.099237679,23.8170429621,0.0870077509,0.870077509,Low,Montipora_verilli_Low
Metabo_coral_646,Coral_166,Big_T1_02,Montipora_verilli,2018-10-10,10:11:00,Day,28.2,2406.4977094588,-34.4549777704,3.15,-10.9380881811,3.539,0.3,3.239,-36.314179309,-37.5565646687,18.7782823344,83.025,0.2261762401,54.2822976242,0.1983025616,1.9830256163,Low,Montipora_verilli_Low
Metabo_coral_647,Coral_167,Big_T1_03,Montipora_verilli,2018-10-10,10:12:00,Day,28.2,2373.8169314802,-67.135755749,3.1666666667,-21.2007649734,3.539,0.27,3.269,-71.0379332154,-72.2803185751,36.1401592876,101.2714,0.3568644187,85.6474604776,0.3128848916,3.1288489164,Low,Montipora_verilli_Low
Metabo_coral_648,Coral_168,Big_T1_04,Montipora_verilli,2018-10-10,10:13:00,Day,28.2,2378.0286641165,-62.9240231127,3.1833333333,-19.7667088312,3.539,0.28,3.259,-66.0301966829,-67.2725820427,33.6362910213,112.5,0.2989892535,71.7574208455,0.2621421899,2.6214218986,Low,Montipora_verilli_Low
Metabo_coral_694,Coral_176,Medium_T1_04,Montipora_verilli,2018-10-10,14:05:00,Day,29,2489.7293584315,-14.8906884834,1.8833333333,-7.9065602567,1.138,0.03,1.108,-8.9794804835,-9.0436547551,4.5218273775,25.08,0.1802961474,43.271075383,0.1580766745,1.5807667451,High,Montipora_verilli_High
Metabo_coral_695,Coral_177,Big_T1_01,Montipora_verilli,2018-10-10,14:05:00,Day,29,2495.6697091908,-8.6204297679,1.8833333333,-4.5772193458,3.539,0.23,3.309,-15.5246692856,-15.5888435572,7.7944217786,120.7016,0.0645759607,15.4982305691,0.0566176996,0.5661769964,Low,Montipora_verilli_Low
Metabo_coral_697,Coral_179,Big_T1_03,Montipora_verilli,2018-10-10,14:07:00,Day,29,2503.9917143452,-0.2984246135,1.9166666667,-0.1556997984,3.539,0.22,3.319,-0.5296868215,-0.5938610931,0.2969305465,63.28,0.0046923285,1.1261588364,0.0041140518,0.0411405176,Low,Montipora_verilli_Low
Metabo_coral_741,Coral_185,Medium_T1_01,Porites_lutea,2018-10-11,10:36:00,Day,28.2,2429.9490958332,-97.7942193932,2.45,-39.9160079156,1.138,0.075,1.063,-43.4914843246,-44.0736546625,22.0368273312,78.6881,0.2800528585,67.2126860287,0.2455394926,2.4553949256,High,Porites_lutea_High
Metabo_coral_742,Coral_186,Medium_T1_02,Porites_lutea,2018-10-11,10:37:00,Day,28.2,2352.2757622482,-175.4675529783,2.4666666667,-71.1354944507,1.138,0.082,1.056,-76.9970591934,-77.5792295312,38.7896147656,85.189,0.4553359561,109.280629468,0.3992209193,3.9922091932,High,Porites_lutea_High
Metabo_coral_743,Coral_187,Medium_T1_03,Porites_lutea,2018-10-11,10:38:00,Day,28.2,2470.6664256191,-57.0768896074,2.4833333333,-22.9839823922,1.138,0.063,1.075,-25.3254755984,-25.9076459363,12.9538229681,67.5437,0.1917843258,46.0282381977,0.1681490641,1.6814906409,High,Porites_lutea_High
Metabo_coral_744,Coral_188,Medium_T1_04,Porites_lutea,2018-10-11,10:38:00,Day,28.2,2331.6482866482,-196.0950285782,2.4833333333,-78.9644410382,1.138,0.07,1.068,-86.4423736045,-87.0245439424,43.5122719712,74.0446,0.5876494973,141.035879363,0.5152283043,5.1522830433,High,Porites_lutea_High
Metabo_coral_745,Coral_189,Big_T1_01,Porites_lutea,2018-10-11,10:39:00,Day,28.2,2485.644519946,-43.5071584813,2.5,-17.4028633925,3.539,0.69,2.849,-50.8202767505,-51.4024470883,25.7012235442,649.8386,0.0395501645,9.4920394858,0.0346760514,0.3467605145,Low,Porites_lutea_Low
Metabo_coral_746,Coral_190,Big_T1_02,Porites_lutea,2018-10-11,10:40:00,Day,28.3,2439.2762014337,-89.8754769936,2.5166666667,-35.7121100637,3.539,0.58,2.959,-108.3139370204,-108.8961073583,54.4480536791,547.6816,0.0994155248,23.8597259484,0.0871636792,0.8716367918,Low,Porites_lutea_Low
Metabo_coral_747,Coral_191,Big_T1_03,Porites_lutea,2018-10-11,10:40:00,Day,28.3,2460.6517996126,-68.4998788148,2.5166666667,-27.2184948933,3.539,1.03,2.509,-69.9984837794,-70.5806541173,35.2903270586,965.5966,0.0365476919,8.7714460615,0.0320435998,0.3204359984,Low,Porites_lutea_Low
Metabo_coral_748,Coral_192,Big_T1_04,Porites_lutea,2018-10-11,10:41:00,Day,28.3,2524.319745793,-4.8319326343,2.5333333333,-1.9073418293,3.539,0.71,2.829,-5.5307667861,-6.112937124,3.056468562,668.4126,0.0045727273,1.0974545586,0.0040091901,0.040091901,Low,Porites_lutea_Low
Metabo_coral_791,Coral_197,Medium_T1_01,Porites_lutea,2018-10-11,14:58:00,Day,30,2432.2827727261,-102.1011711385,1.9666666667,-51.9158497315,1.138,0.0508271,1.0871729,-57.8525425312,-59.3205177134,29.6602588567,78.6881,0.3789048124,90.9371549689,0.3322090547,3.3220905465,High,Porites_lutea_High
Metabo_coral_792,Coral_198,Medium_T1_02,Porites_lutea,2018-10-11,14:58:00,Day,30,2524.910191032,-9.4737528327,1.9666666667,-4.8171624573,1.138,0.0461836,1.0918164,-5.3909433967,-6.8589185789,3.4294592894,85.189,0.0404362692,9.7047046024,0.0354529537,0.3545295367,High,Porites_lutea_High
Metabo_coral_793,Coral_199,Medium_T1_03,Porites_lutea,2018-10-11,14:59:00,Day,30,2467.3950887263,-66.9888551384,1.9833333333,-33.7758933471,1.138,0.057328,1.080672,-37.4131787705,-38.8811539527,19.4405769764,67.5437,0.289187673,69.4050415269,0.253548544,2.5354854395,High,Porites_lutea_High
Metabo_coral_794,Coral_200,Medium_T1_04,Porites_lutea,2018-10-11,15:00:00,Day,30,2511.6715524664,-22.7123913983,2,-11.3561956991,1.138,0.1046917,1.0333083,-12.0278125541,-13.4957877363,6.7478938682,74.0446,0.0912657999,21.9037919759,0.0800183163,0.8001831625,High,Porites_lutea_High
Metabo_coral_795,Coral_201,Big_T1_01,Porites_lutea,2018-10-11,15:01:00,Day,30,2491.9737515762,-39.1902140769,2.0166666667,-19.433164005,3.539,0.3062196,3.2327804,-64.3937304981,-65.8617056803,32.9308528402,649.8386,0.0504642337,12.111416094,0.0442450843,0.4424508434,Low,Porites_lutea_Low
Metabo_coral_796,Coral_202,Big_T1_02,Porites_lutea,2018-10-11,15:02:00,Day,30,2390.0759167709,-141.0880488822,2.0333333333,-69.387565024,3.539,0.4733856,3.0656144,-218.0334064815,-219.5013816637,109.7506908319,547.6816,0.1986633343,47.6792002235,0.1741803121,1.7418031209,Low,Porites_lutea_Low
Metabo_coral_797,Coral_203,Big_T1_03,Porites_lutea,2018-10-11,15:03:00,Day,30,2456.9932633794,-74.1707022736,2.05,-36.1808303774,3.539,0.6126906,2.9263094,-108.5232116339,-109.9911868161,54.9955934081,965.5966,0.0562385755,13.4972581241,0.0493078034,0.4930780343,Low,Porites_lutea_Low
Metabo_coral_798,Coral_204,Big_T1_04,Porites_lutea,2018-10-11,15:04:00,Day,30,2485.9344294047,-45.2295362484,2.0666666667,-21.885259475,3.539,0.3526546,3.1863454,-71.4773457524,-72.9453209346,36.4726604673,668.4126,0.0542750257,13.0260061777,0.0475862391,0.4758623909,Low,Porites_lutea_Low
Metabo_coral_841,Coral_209,Medium_T1_01,Acropora_hyacinthus,2018-10-16,14:38:00,Day,28.3,2506.938705253,-48.1822001591,2.0666666667,-23.3139678189,1.138,0.11,1.028,-24.5659278908,-24.8639395752,12.4319697876,194.195,0.0640179705,15.3643129279,0.0561284755,0.5612847548,High,Acropora_hyacinthus_High
Metabo_coral_842,Coral_210,Medium_T1_02,Acropora_hyacinthus,2018-10-16,14:39:00,Day,28.3,2490.6815889209,-64.4393164912,2.0833333333,-30.9308719158,1.138,0.14,0.998,-31.6407354263,-31.9387471107,15.9693735553,241.361,0.0661638523,15.8793245524,0.0580099015,0.5800990145,High,Acropora_hyacinthus_High
Metabo_coral_843,Coral_211,Medium_T1_03,Acropora_hyacinthus,2018-10-16,14:39:00,Day,28.3,2461.4036262879,-93.7172791242,2.0833333333,-44.9842939796,1.138,0.092,1.046,-48.2299107903,-48.5279224747,24.2639612373,165.8954,0.146260603,35.1025447177,0.1282356282,1.2823562823,High,Acropora_hyacinthus_High
Metabo_coral_844,Coral_212,Medium_T1_04,Acropora_hyacinthus,2018-10-16,14:40:00,Day,28.4,2356.4518525734,-198.6690528388,2.1,-94.6043108756,1.138,0.107,1.031,-99.9754706256,-100.27348231,50.136741155,189.4784,0.2646039926,63.5049582285,0.2319945257,2.3199452574,High,Acropora_hyacinthus_High
Metabo_coral_845,Coral_213,Big_T1_01,Acropora_hyacinthus,2018-10-16,14:41:00,Day,28.4,2517.7125335254,-30.7757930205,2.1166666667,-14.5397447341,3.539,0.34,3.199,-47.6754594895,-47.973471174,23.986735587,555.801,0.0431570573,10.3576937445,0.0378384352,0.3783843522,Low,Acropora_hyacinthus_Low
Metabo_coral_846,Coral_214,Big_T1_02,Acropora_hyacinthus,2018-10-16,14:42:00,Day,28.4,2482.6319543294,-65.8563722165,2.1333333333,-30.8701744765,3.539,0.29,3.249,-102.804626796,-103.1026384804,51.5513192402,477.191,0.1080307869,25.9273888603,0.0947172071,0.9471720713,Low,Acropora_hyacinthus_Low
Metabo_coral_847,Coral_215,Big_T1_03,Acropora_hyacinthus,2018-10-16,14:43:00,Day,28.4,2514.7204647569,-33.7678617891,2.15,-15.7059822275,3.539,0.27,3.269,-52.6264272991,-52.9244389836,26.4622194918,445.747,0.0593660069,14.2478416636,0.0520498141,0.5204981409,Low,Acropora_hyacinthus_Low
Metabo_coral_848,Coral_216,Big_T1_04,Acropora_hyacinthus,2018-10-16,14:44:00,Day,28.4,2448.43645,-100.0518765459,2.1666666667,-46.177789175,3.539,0.4,3.139,-148.575882226,-148.8738939104,74.4369469552,650.133,0.1144949525,27.4787886006,0.100384737,1.0038473699,Low,Acropora_hyacinthus_Low
Metabo_coral_891,Coral_221,Medium_T1_01,Pocillopora_verrucosa,2018-10-17,11:09:00,Day,28.1,2408.3952019824,-176.9579577389,1.9,-93.135767231,1.138,0.098,1.04,-99.2827278683,-98.7216969044,49.3608484522,100.0482,0.4933706799,118.408963165,0.432568291,4.3256829102,High,Pocillopora_verrucosa_High
Metabo_coral_892,Coral_222,Medium_T1_02,Pocillopora_verrucosa,2018-10-17,11:10:00,Day,28.1,2497.2419182871,-88.1112414342,1.9166666667,-45.9710824874,1.138,0.067,1.071,-50.4659050776,-49.9048741137,24.9524370569,71.2585,0.3501678685,84.0402884378,0.307013616,3.0701361599,High,Pocillopora_verrucosa_High
Metabo_coral_893,Coral_223,Medium_T1_03,Pocillopora_verrucosa,2018-10-17,11:10:00,Day,28.1,2338.3861384851,-246.9670212362,1.9166666667,-128.8523589058,1.138,0.09,1.048,-138.4132039366,-137.8521729728,68.9260864864,92.6186,0.7441927052,178.6062492494,0.652479322,6.5247932199,High,Pocillopora_verrucosa_High
Metabo_coral_894,Coral_224,Medium_T1_04,Pocillopora_verrucosa,2018-10-17,11:11:00,Day,28.1,2501.0511888482,-84.3019708731,1.9333333333,-43.604467693,1.138,0.08,1.058,-47.2868649897,-46.7258340258,23.3629170129,83.3316,0.2803608357,67.2866005584,0.245809515,2.4580951504,High,Pocillopora_verrucosa_High
Metabo_coral_895,Coral_225,Big_T1_01,Pocillopora_verrucosa,2018-10-17,11:12:00,Day,28.1,2542.3815150059,-43.0114550321,1.95,-22.0571564267,3.539,0.29,3.249,-73.4552937612,-72.8942627973,36.4471313986,278.3586,0.1309358913,31.4246139177,0.114799515,1.1479951496,Low,Pocillopora_verrucosa_Low
Metabo_coral_896,Coral_226,Big_T1_02,Pocillopora_verrucosa,2018-10-17,11:13:00,Day,28.1,2525.6238715422,-59.7690984958,1.9666666667,-30.3910670317,3.539,0.32,3.219,-100.2745658946,-99.7135349307,49.8567674653,306.2196,0.1628137698,39.0753047541,0.1427488034,1.4274880336,Low,Pocillopora_verrucosa_Low
Metabo_coral_897,Coral_227,Big_T1_03,Pocillopora_verrucosa,2018-10-17,11:14:00,Day,28.1,2409.9476257204,-175.4453443175,1.9833333333,-88.459837471,3.539,0.5,3.039,-275.5501822263,-274.9891512624,137.4945756312,473.3856,0.2904494257,69.7078621561,0.2546547998,2.5465479975,Low,Pocillopora_verrucosa_Low
Metabo_coral_898,Coral_228,Big_T1_04,Pocillopora_verrucosa,2018-10-17,11:15:00,Day,28.1,2415.7387925346,-169.6541775034,2,-84.8270887517,3.539,0.52,3.019,-262.4953054649,-261.934274501,130.9671372505,491.9596,0.2662152283,63.8916548028,0.2334071948,2.3340719478,Low,Pocillopora_verrucosa_Low
Metabo_coral_941,Coral_233,Medium_T1_01,Montipora_verilli,2018-10-17,16:00:00,Day,30.3,2556.8592575845,-18.8841669338,2.0333333333,-9.2872952133,1.138,0.03,1.108,-10.5475811738,-3.0396656445,1.5198328222,40.28,0.0377316987,9.0556076797,0.0330816911,0.3308169106,High,Montipora_verilli_High
Metabo_coral_944,Coral_236,Medium_T1_04,Montipora_verilli,2018-10-17,16:02:00,Day,30.3,2551.0345583665,-24.7088661518,2.0666666667,-11.9559029767,1.138,0.049,1.089,-13.3454778001,-5.8375622708,2.9187811354,34.8,0.0838730211,20.1295250718,0.0735366143,0.7353661435,High,Montipora_verilli_High
Metabo_coral_945,Coral_237,Big_T1_01,Montipora_verilli,2018-10-17,16:03:00,Day,30.3,2524.941256891,-34.4263241163,2.0833333333,-16.5246355758,3.539,0.32,3.219,-54.5226219666,-47.0147064373,23.5073532187,127.77445,0.1839753818,44.1540916238,0.1613024846,1.6130248458,Low,Montipora_verilli_Low
Metabo_coral_946,Coral_238,Big_T1_02,Montipora_verilli,2018-10-17,16:04:00,Day,30.3,2506.938705253,-52.4288757543,2.1,-24.9661313116,3.539,0.21,3.329,-85.1900574147,-77.6821418854,38.8410709427,204,0.1903974066,45.6953775796,0.166933067,1.6693306705,Low,Montipora_verilli_Low
Metabo_coral_947,Coral_239,Big_T1_03,Montipora_verilli,2018-10-17,16:05:00,Day,30.3,2490.6815889209,-68.6859920864,2.1166666667,-32.4500750015,3.539,0.25,3.289,-109.3965040968,-101.8885885675,50.9442942838,72.03,0.7072649491,169.7435877843,0.6201024966,6.2010249661,Low,Montipora_verilli_Low
Metabo_coral_948,Coral_240,Big_T1_04,Montipora_verilli,2018-10-17,16:06:00,Day,30.3,2461.4036262879,-97.9639547194,2.1333333333,-45.9206037747,3.539,0.3,3.239,-152.455256517,-144.9473409877,72.4736704939,43.2110402559,1.677202633,402.5286319307,1.470506267,14.7050626699,Low,Montipora_verilli_Low
Metabo_coral_995,Coral_249,Big_T1_01,Acropora_hyacinthus,2018-11-26,12:22:00,Day,28.1,2377.6484321878,-9.1159259367,2.3,-3.9634460594,3.539,0.2870138,3.2519862,-13.211298687,-14.2212611425,7.1106305713,472.4961,0.0150490778,3.6117786731,0.0131944482,0.1319444818,High,Acropora_hyacinthus_High
Metabo_coral_997,Coral_251,Big_T1_03,Acropora_hyacinthus,2018-11-26,12:23:00,Day,28.1,2364.2035051602,-22.5608529644,2.3166666667,-9.7384976825,3.539,0.3607277,3.1782723,-31.7253873635,-32.7353498191,16.3676749095,588.3891,0.0278177738,6.6762657199,0.024389546,0.2438954599,High,Acropora_hyacinthus_High
Metabo_coral_998,Coral_252,Big_T1_04,Acropora_hyacinthus,2018-11-26,12:24:00,Day,28.1,2366.0144937596,-20.7498643649,2.3333333333,-8.8927990135,3.539,0.2143455,3.3246545,-30.3046213644,-31.31458382,15.65729191,358.247,0.043705298,10.4892715317,0.0383191115,0.3831911149,High,Acropora_hyacinthus_High
Metabo_coral_1092,Coral_270,Medium_T1_02,Pocillopora_verrucosa,2018-11-27,09:34:00,Day,28.1,2298.0941431678,-65.1926740041,2.15,-30.3221739554,1.138,0.1022656,1.0357344,-32.1908616146,-31.5732344684,15.7866172342,104.0097,0.1517802401,36.4272576135,0.1330750321,1.3307503209,Low,Pocillopora_verrucosa_Low
Metabo_coral_1093,Coral_271,Medium_T1_03,Pocillopora_verrucosa,2018-11-27,09:34:00,Day,28.1,2294.5677017262,-68.7191154457,2.15,-31.9623792771,1.138,0.0976154,1.0403846,-34.0844963587,-33.4668692125,16.7334346062,99.691,0.1678530119,40.2847228485,0.1471670155,1.471670155,Low,Pocillopora_verrucosa_Low
Metabo_coral_1095,Coral_273,Big_T1_01,Pocillopora_verrucosa,2018-11-27,09:35:00,Day,28.1,2337.0532476129,-27.880941295,2.1666666667,-12.8681267516,3.539,0.2076079,3.3313921,-43.940495197,-43.3228680507,21.6614340254,201.8411,0.1073192428,25.7566182809,0.0940933529,0.9409335285,High,Pocillopora_verrucosa_High
Metabo_coral_1096,Coral_274,Big_T1_02,Pocillopora_verrucosa,2018-11-27,09:36:00,Day,28.1,2336.1147213069,-28.819467601,2.1833333333,-13.1997561531,3.539,0.1948252,3.3441748,-45.2458491908,-44.6282220446,22.3141110223,189.9698,0.1174613598,28.1907263436,0.1029855679,1.0298556791,High,Pocillopora_verrucosa_High
Metabo_coral_1097,Coral_275,Big_T1_03,Pocillopora_verrucosa,2018-11-27,09:36:00,Day,28.1,2338.3438742769,-26.5903146311,2.1833333333,-12.17877006,3.539,0.223476,3.315524,-41.3884795351,-40.7708523889,20.3854261944,216.5778,0.0941251882,22.5900451785,0.0825253171,0.8252531714,High,Pocillopora_verrucosa_High
Metabo_coral_1098,Coral_276,Big_T1_04,Pocillopora_verrucosa,2018-11-27,09:37:00,Day,28.1,2317.3963176097,-47.5378712982,2.2,-21.6081233174,3.539,0.2446335,3.2943665,-72.9647045242,-72.347077378,36.173538689,236.2267,0.1531306101,36.75134642,0.1342589842,1.3425898419,High,Pocillopora_verrucosa_High
Metabo_coral_1141,Coral_281,Medium_T1_01,Pocillopora_verrucosa,2018-11-27,13:27:00,Day,28.4,2356.6382817047,-7.324201205,2.1166666667,-3.4602525378,1.138,0.0318817,1.1061183,-3.923134871,-4.6272356849,2.3136178425,38.6441,0.0598698855,14.3687725213,0.0524915953,0.5249159529,Low,Pocillopora_verrucosa_Low
Metabo_coral_1142,Coral_282,Medium_T1_02,Pocillopora_verrucosa,2018-11-27,13:27:00,Day,28.4,2316.2776263844,-47.6848565253,2.1166666667,-22.5282786734,1.138,0.0147353,1.1232647,-25.9378506902,-26.6419515041,13.320975752,22.7203,0.5863028108,140.7126745902,0.5140475818,5.1404758175,Low,Pocillopora_verrucosa_Low
Metabo_coral_1143,Coral_283,Medium_T1_03,Pocillopora_verrucosa,2018-11-27,13:28:00,Day,28.4,2328.0522292728,-35.9102536369,2.1333333333,-16.8329313923,1.138,0.0539516,1.0840484,-18.7039051517,-19.4080059656,9.7040029828,59.1405,0.1640838847,39.3801323268,0.1438623909,1.4386239087,Low,Pocillopora_verrucosa_Low
Metabo_coral_1145,Coral_285,Big_T1_01,Pocillopora_verrucosa,2018-11-27,13:29:00,Day,28.4,2337.9986175466,-25.4150541414,2.15,-11.8209554146,3.539,0.2164235,3.3225765,-40.2579293848,-40.9620301987,20.4810150993,210.0281,0.0975155948,23.4037427556,0.0854978942,0.8549789422,High,Pocillopora_verrucosa_High
Metabo_coral_1146,Coral_286,Big_T1_02,Pocillopora_verrucosa,2018-11-27,13:30:00,Day,28.5,2326.8153875816,-36.5982841064,2.1666666667,-16.8915157414,3.539,0.1344382,3.4045618,-58.9459144682,-59.6500152821,29.8250076411,133.8884,0.2227602066,53.4624495763,0.1953075158,1.9530751582,High,Pocillopora_verrucosa_High
Metabo_coral_1147,Coral_287,Big_T1_03,Pocillopora_verrucosa,2018-11-27,13:30:00,Day,28.5,2327.2634660289,-36.1502056591,2.1666666667,-16.6847103042,3.539,0.2917971,3.2472029,-55.5331056775,-56.2372064914,28.1186032457,280.0276,0.1004136851,24.099284424,0.0880388275,0.8803882746,High,Pocillopora_verrucosa_High
Metabo_coral_1148,Coral_288,Big_T1_04,Pocillopora_verrucosa,2018-11-27,13:31:00,Day,28.5,2333.1684917565,-30.2451799314,2.1833333333,-13.8527541671,3.539,0.3186847,3.2203153,-45.7254920961,-46.42959291,23.214796455,304.9981,0.0761145609,18.2674946146,0.0667342971,0.667342971,High,Pocillopora_verrucosa_High
Metabo_coral_1191,Coral_293,Medium_T1_01,Porites_lutea,2018-12-02,14:58:00,Day,31,2351.1723799678,-32.8351381872,2.1,-15.6357800891,1.138,0.1554762,0.9825238,-15.7465892209,-16.4109829853,8.2054914927,93.3813,0.087870821,21.0889970287,0.0770417303,0.7704173029,Low,Porites_lutea_Low
Metabo_coral_1192,Coral_294,Medium_T1_02,Porites_lutea,2018-12-02,14:58:00,Day,31,2320.8003976423,-63.2071205127,2.1,-30.0986288156,1.138,0.1611905,0.9768095,-30.1356422281,-30.8000359926,15.4000179963,95.8453,0.1606757764,38.5621863472,0.1408742936,1.4087429364,Low,Porites_lutea_Low
Metabo_coral_1193,Coral_295,Medium_T1_03,Porites_lutea,2018-12-02,14:59:00,Day,31,2369.9871831925,-14.0203349625,2.1166666667,-6.6237802972,1.138,0.0729429,1.0650571,-7.2310718403,-7.8954656047,3.9477328024,57.793,0.0683081481,16.3939555408,0.0598899369,0.5988993689,Low,Porites_lutea_Low
Metabo_coral_1194,Coral_296,Medium_T1_04,Porites_lutea,2018-12-02,14:59:00,Day,31,2335.587999329,-48.419518826,2.1166666667,-22.8753632249,1.138,0.0566667,1.0813333,-25.3542893048,-26.0186830692,13.0093415346,50.7747,0.2562170044,61.4920810621,0.2246411395,2.2464113953,Low,Porites_lutea_Low
Metabo_coral_1243,Coral_307,Medium_T1_03,Porites_lutea,2018-12-02,18:05:00,Day,31.2,2351.1723799678,-32.8351381872,1.15,-28.5522940758,1.138,0.0244762,1.1135238,-32.5885004729,-26.6536825232,13.3268412616,36.8941,0.3612187656,86.6925037548,0.3167026143,3.1670261432,Low,Porites_lutea_Low
Metabo_coral_1244,Coral_308,Medium_T1_04,Porites_lutea,2018-12-02,18:06:00,Day,31.2,2320.8003976423,-63.2071205127,1.1666666667,-54.177531868,1.138,0.0710476,1.0669524,-59.249968844,-53.3151508942,26.6575754471,56.9757,0.4678762253,112.2902940605,0.4102157413,4.1021574129,Low,Porites_lutea_Low
Metabo_coral_1246,Coral_310,Big_T1_02,Porites_lutea,2018-12-02,18:08:00,Day,31.2,2335.587999329,-11.7319876052,1.2,-9.7766563377,3.539,0.187619,3.351381,-33.584432801,-27.6496148512,13.8248074256,107.2413,0.1289130906,30.9391417499,0.1130260017,1.130260017,High,Porites_lutea_High
Metabo_coral_1296,Coral_322,Big_T1_02,Napopora_irregularis,2018-12-03,11:32:00,Day,29.9,2351.1723799678,-32.8351381872,4.25,-7.7259148676,3.539,0.094155,3.444845,-27.279943682,-23.5652297028,11.7826148514,241.7336,0.0487421478,11.698115464,0.0427352261,0.4273522611,High,Napopora_irregularis_High
Metabo_coral_1297,Coral_323,Big_T1_03,Napopora_irregularis,2018-12-03,11:33:00,Day,29.9,2320.8003976423,-63.2071205127,4.2666666667,-14.8141688702,3.539,0.0819889,3.4570111,-52.4930648769,-48.7783508977,24.3891754489,209.3827,0.1164813304,27.9555192847,0.1021263161,1.021263161,High,Napopora_irregularis_High
Metabo_coral_1298,Coral_324,Big_T1_04,Napopora_irregularis,2018-12-03,11:34:00,Day,29.9,2369.9871831925,-14.0203349625,4.2833333333,-3.2732299523,3.539,0.2189897,3.3200103,-11.1388360849,-7.4241221057,3.7120610529,573.6815,0.0064705957,1.5529429704,0.0056731675,0.0567316754,High,Napopora_irregularis_High
Metabo_coral_1346,Coral_334,Big_T1_02,Napopora_irregularis,2018-12-04,21:59:00,Day,28.1,2379.6289234178,-3.283921086,2.1166666667,-1.5514587808,3.539,0.1962444,3.3427556,-5.3158012159,-3.06491714,1.53245857,513.1995,0.0029860874,0.7166609804,0.0026180857,0.0261808572,High,Napopora_irregularis_High
Metabo_coral_1347,Coral_335,Big_T1_03,Napopora_irregularis,2018-12-04,22:00:00,Day,28.1,2336.4226716064,-46.4901728974,2.1333333333,-21.7922685457,3.539,0.294631,3.244369,-72.469714522,-70.218830446,35.109415223,774.8193,0.0453130365,10.8751287604,0.0397287143,0.3972871425,High,Napopora_irregularis_High
Metabo_coral_1348,Coral_336,Big_T1_04,Napopora_irregularis,2018-12-04,22:01:00,Day,28.1,2318.2484363685,-64.6644081354,2.15,-30.0764689002,3.539,0.3507009,3.1882991,-98.2900981938,-96.0392141178,48.0196070589,923.9148,0.0519740641,12.4737753894,0.0455688451,0.4556884512,High,Napopora_irregularis_High
Metabo_coral_1392,Coral_342,Medium_T1_02,Phymmastrea_curta,2018-12-08,17:50:00,Day,26.8,2206.0019705532,-13.9373841886,2.0333333333,-6.8544512403,1.138,0.0494226,1.0885774,-7.6481407274,-10.2377396232,5.1188698116,48.5466,0.1054423958,25.3061749902,0.0924478061,0.9244780611,Low,Phymmastrea_curta_Low
Metabo_coral_1393,Coral_343,Medium_T1_03,Phymmastrea_curta,2018-12-08,17:51:00,Day,26.8,2215.6890519676,-4.2503027742,2.05,-2.0733184265,1.138,0.0746091,1.0633909,-2.2598666462,-4.849465542,2.424732771,64.399,0.0376517146,9.0364115133,0.0330115642,0.3301156417,Low,Phymmastrea_curta_Low
Metabo_coral_1396,Coral_346,Big_T1_02,Phymmastrea_curta,2018-12-08,17:53:00,Day,26.8,2283.8864436699,-15.4048281553,2.0833333333,-7.3943175145,3.539,0.1610987,3.3779013,-25.6017066136,-28.1913055094,14.0956527547,118.8355,0.118614831,28.4675594509,0.1039968868,1.0399688682,High,Phymmastrea_curta_High
Metabo_coral_1397,Coral_347,Big_T1_03,Phymmastrea_curta,2018-12-08,17:53:00,Day,26.8,2290.262814307,-9.0284575182,2.0833333333,-4.3336596087,3.539,0.1169035,3.4220965,-15.2009564137,-17.7905553095,8.8952776547,91.0191,0.0977297914,23.4551499316,0.0856856935,0.8568569347,High,Phymmastrea_curta_High
Metabo_coral_1491,Coral_365,Medium_T1_01,Montipora_verilli,2018-12-09,14:40:00,Day,27.1,2311.8152549732,-5.5198305682,2.85,-1.9367826555,1.138,0.049944335,1.088055665,-2.1600105237,-2.8474749522,1.4237374761,50.46,0.02821517,6.77164079,0.0247379675,0.2473796751,Low,Montipora_verilli_Low
Metabo_coral_1497,Coral_371,Big_T1_03,Montipora_verilli,2018-12-09,14:44:00,Day,27.1,2318.1707752625,-0.5317008542,2.9166666667,-0.1822974357,3.539,0.065078982,3.473921018,-0.6491190658,-1.3365834944,0.6682917472,39.75,0.016812371,4.0349690396,0.0147404353,0.1474043531,High,Montipora_verilli_High
Metabo_coral_1541,Coral_377,Medium_T1_01,Montipora_verilli,2018-12-09,18:21:00,Day,27.3,2318.9565932587,-7.0334449836,2.0666666667,-3.4032798308,1.138,0.0181615764,1.1198384236,-3.9064016089,-4.2500041608,2.1250020804,42.9866,0.0494340581,11.8641739355,0.0433418662,0.4334186624,Low,Montipora_verilli_Low
Metabo_coral_1543,Coral_379,Medium_T1_03,Montipora_verilli,2018-12-09,18:22:00,Day,27.3,2324.321373624,-1.6686646183,2.0833333333,-0.8009590168,1.138,0.0620520526,1.0759479474,-0.8833349653,-1.2269375172,0.6134687586,53.4,0.011488179,2.75716296,0.0100723901,0.1007239011,Low,Montipora_verilli_Low
Metabo_coral_1545,Coral_381,Big_T1_01,Montipora_verilli,2018-12-09,18:24:00,Day,27.3,2318.4935189343,-2.0448612066,2.1166666667,-0.9660761606,3.539,0.1291489875,3.4098510125,-3.3765301687,-3.7201327206,1.8600663603,190,0.0097898229,2.3495575078,0.0085833373,0.0858333735,High,Montipora_verilli_High
Metabo_coral_1546,Coral_382,Big_T1_02,Montipora_verilli,2018-12-09,18:25:00,Day,27.3,2305.5186286407,-15.0197515002,2.1333333333,-7.0405085157,3.539,0.1674900932,3.3715099068,-24.330572815,-24.6741753669,12.3370876835,214,0.0576499424,13.8359861871,0.0505452353,0.5054523526,High,Montipora_verilli_High
Metabo_coral_1547,Coral_383,Big_T1_03,Montipora_verilli,2018-12-09,18:26:00,Day,27.3,2308.3721598703,-12.1662202707,2.15,-5.6587071026,3.539,0.2900807337,3.2489192663,-18.8442995914,-19.1879021433,9.5939510716,224.75,0.0426872128,10.2449310665,0.0374264938,0.3742649378,High,Montipora_verilli_High
Metabo_coral_1548,Coral_384,Big_T1_04,Montipora_verilli,2018-12-09,18:27:00,Day,27.3,2315.6979889171,-4.8403912238,2.1666666667,-2.2340267187,3.539,0.0887899289,3.4502100711,-7.900558021,-8.2441605729,4.1220802864,126.5,0.0325856149,7.820547579,0.0285698043,0.2856980427,High,Montipora_verilli_High
